{"cameraMode":{"drawMode":0,"name":"Shaded","section":"Shading Mode"},"sceneLighting":true,"audioPlay":false,"sceneViewState":{"showFog":true,"showMaterialUpdate":false,"showSkybox":true,"showFlares":true,"showImageEffects":true,"showParticleSystems":true},"in2DMode":false,"pivot":{"x":-6.363427639007568,"y":-1.998367190361023,"z":-2.6669235229492189},"rotation":{"x":-0.040795065462589267,"y":-0.012892096303403378,"z":0.0005264514475129545,"w":-0.9990865588188171},"size":17.615726470947267,"orthographic":false}